object_location,image_small,image_thumb
/objects/James.pdf,/objects/small/james_sm.jpg,/objects/thumbs/james_th.jpg
/objects/XC-560-C8B281  2305.pdf,/objects/small/xc-560-c8b281  2305_sm.jpg,/objects/thumbs/xc-560-c8b281  2305_th.jpg
/objects/XC-560-C8B281  2308.pdf,/objects/small/xc-560-c8b281  2308_sm.jpg,/objects/thumbs/xc-560-c8b281  2308_th.jpg
/objects/clemens 1.pdf,/objects/small/clemens 1_sm.jpg,/objects/thumbs/clemens 1_th.jpg
/objects/clemens 8.pdf,/objects/small/clemens 8_sm.jpg,/objects/thumbs/clemens 8_th.jpg
/objects/col003_maw_d3.pdf,/objects/small/col003_maw_d3_sm.jpg,/objects/thumbs/col003_maw_d3_th.jpg
/objects/col003_maw_d4.pdf,/objects/small/col003_maw_d4_sm.jpg,/objects/thumbs/col003_maw_d4_th.jpg
/objects/col003_mayes_d1.pdf,/objects/small/col003_mayes_d1_sm.jpg,/objects/thumbs/col003_mayes_d1_th.jpg
/objects/col003_mcbirney_d1.pdf,/objects/small/col003_mcbirney_d1_sm.jpg,/objects/thumbs/col003_mcbirney_d1_th.jpg
/objects/col003_mccorkle_d1.pdf,/objects/small/col003_mccorkle_d1_sm.jpg,/objects/thumbs/col003_mccorkle_d1_th.jpg
/objects/col003_mccoy_d12.pdf,/objects/small/col003_mccoy_d12_sm.jpg,/objects/thumbs/col003_mccoy_d12_th.jpg
/objects/col003_mccoy_d6.pdf,/objects/small/col003_mccoy_d6_sm.jpg,/objects/thumbs/col003_mccoy_d6_th.jpg
/objects/col003_mccoy_d7.pdf,/objects/small/col003_mccoy_d7_sm.jpg,/objects/thumbs/col003_mccoy_d7_th.jpg
/objects/col003_mccoy_ph1.jpg,/objects/small/col003_mccoy_ph1_sm.jpg,/objects/thumbs/col003_mccoy_ph1_th.jpg
/objects/col003_mccoy_ph2.jpg,/objects/small/col003_mccoy_ph2_sm.jpg,/objects/thumbs/col003_mccoy_ph2_th.jpg
/objects/col003_mccoy_ph21.jpg,/objects/small/col003_mccoy_ph21_sm.jpg,/objects/thumbs/col003_mccoy_ph21_th.jpg
/objects/col003_mccoy_ph22.jpg,/objects/small/col003_mccoy_ph22_sm.jpg,/objects/thumbs/col003_mccoy_ph22_th.jpg
/objects/col003_mccoy_ph28.jpg,/objects/small/col003_mccoy_ph28_sm.jpg,/objects/thumbs/col003_mccoy_ph28_th.jpg
/objects/col003_mccoy_ph30.jpg,/objects/small/col003_mccoy_ph30_sm.jpg,/objects/thumbs/col003_mccoy_ph30_th.jpg
/objects/col003_mccoy_ph37.jpg,/objects/small/col003_mccoy_ph37_sm.jpg,/objects/thumbs/col003_mccoy_ph37_th.jpg
/objects/col003_mccoy_ph4.jpg,/objects/small/col003_mccoy_ph4_sm.jpg,/objects/thumbs/col003_mccoy_ph4_th.jpg
/objects/col003_mccoy_ph43.jpg,/objects/small/col003_mccoy_ph43_sm.jpg,/objects/thumbs/col003_mccoy_ph43_th.jpg
/objects/col003_mccoy_ph45.jpg,/objects/small/col003_mccoy_ph45_sm.jpg,/objects/thumbs/col003_mccoy_ph45_th.jpg
/objects/col003_mccoy_ph47.jpg,/objects/small/col003_mccoy_ph47_sm.jpg,/objects/thumbs/col003_mccoy_ph47_th.jpg
/objects/col003_mccoy_ph50.jpg,/objects/small/col003_mccoy_ph50_sm.jpg,/objects/thumbs/col003_mccoy_ph50_th.jpg
/objects/col003_mccoy_ph54.jpg,/objects/small/col003_mccoy_ph54_sm.jpg,/objects/thumbs/col003_mccoy_ph54_th.jpg
/objects/col003_mccoy_ph56.jpg,/objects/small/col003_mccoy_ph56_sm.jpg,/objects/thumbs/col003_mccoy_ph56_th.jpg
/objects/col003_mccoy_ph63.jpg,/objects/small/col003_mccoy_ph63_sm.jpg,/objects/thumbs/col003_mccoy_ph63_th.jpg
/objects/col003_meyer_d1.pdf,/objects/small/col003_meyer_d1_sm.jpg,/objects/thumbs/col003_meyer_d1_th.jpg
/objects/col004_adams_d1.pdf,/objects/small/col004_adams_d1_sm.jpg,/objects/thumbs/col004_adams_d1_th.jpg
/objects/col004_adams_d10.pdf,/objects/small/col004_adams_d10_sm.jpg,/objects/thumbs/col004_adams_d10_th.jpg
/objects/col004_adams_d11.pdf,/objects/small/col004_adams_d11_sm.jpg,/objects/thumbs/col004_adams_d11_th.jpg
/objects/col004_adams_d12.pdf,/objects/small/col004_adams_d12_sm.jpg,/objects/thumbs/col004_adams_d12_th.jpg
/objects/col004_adams_d13.pdf,/objects/small/col004_adams_d13_sm.jpg,/objects/thumbs/col004_adams_d13_th.jpg
/objects/col004_adams_d2.pdf,/objects/small/col004_adams_d2_sm.jpg,/objects/thumbs/col004_adams_d2_th.jpg
/objects/col004_adams_d3.pdf,/objects/small/col004_adams_d3_sm.jpg,/objects/thumbs/col004_adams_d3_th.jpg
/objects/col004_adams_d4.pdf,/objects/small/col004_adams_d4_sm.jpg,/objects/thumbs/col004_adams_d4_th.jpg
/objects/col004_adams_d5.pdf,/objects/small/col004_adams_d5_sm.jpg,/objects/thumbs/col004_adams_d5_th.jpg
/objects/col004_adams_d6.pdf,/objects/small/col004_adams_d6_sm.jpg,/objects/thumbs/col004_adams_d6_th.jpg
/objects/col004_adams_d7.pdf,/objects/small/col004_adams_d7_sm.jpg,/objects/thumbs/col004_adams_d7_th.jpg
/objects/col004_adams_d8.pdf,/objects/small/col004_adams_d8_sm.jpg,/objects/thumbs/col004_adams_d8_th.jpg
/objects/col004_adams_d9.pdf,/objects/small/col004_adams_d9_sm.jpg,/objects/thumbs/col004_adams_d9_th.jpg
/objects/col004_aiken_d1.pdf,/objects/small/col004_aiken_d1_sm.jpg,/objects/thumbs/col004_aiken_d1_th.jpg
/objects/col004_allen_d1.pdf,/objects/small/col004_allen_d1_sm.jpg,/objects/thumbs/col004_allen_d1_th.jpg
/objects/col004_allison_d1.pdf,/objects/small/col004_allison_d1_sm.jpg,/objects/thumbs/col004_allison_d1_th.jpg
/objects/col004_ambrose_d1.pdf,/objects/small/col004_ambrose_d1_sm.jpg,/objects/thumbs/col004_ambrose_d1_th.jpg
/objects/col004_anderson_d1.pdf,/objects/small/col004_anderson_d1_sm.jpg,/objects/thumbs/col004_anderson_d1_th.jpg
/objects/col004_anderson_d10.pdf,/objects/small/col004_anderson_d10_sm.jpg,/objects/thumbs/col004_anderson_d10_th.jpg
/objects/col004_anderson_d2.pdf,/objects/small/col004_anderson_d2_sm.jpg,/objects/thumbs/col004_anderson_d2_th.jpg
/objects/col004_anderson_d3.pdf,/objects/small/col004_anderson_d3_sm.jpg,/objects/thumbs/col004_anderson_d3_th.jpg
/objects/col004_anderson_d4.pdf,/objects/small/col004_anderson_d4_sm.jpg,/objects/thumbs/col004_anderson_d4_th.jpg
/objects/col004_anderson_d5.pdf,/objects/small/col004_anderson_d5_sm.jpg,/objects/thumbs/col004_anderson_d5_th.jpg
/objects/col004_anderson_d6.pdf,/objects/small/col004_anderson_d6_sm.jpg,/objects/thumbs/col004_anderson_d6_th.jpg
/objects/col004_anderson_d7.pdf,/objects/small/col004_anderson_d7_sm.jpg,/objects/thumbs/col004_anderson_d7_th.jpg
/objects/col004_anderson_d8.pdf,/objects/small/col004_anderson_d8_sm.jpg,/objects/thumbs/col004_anderson_d8_th.jpg
/objects/col004_anderson_d8_pg1.pdf,/objects/small/col004_anderson_d8_pg1_sm.jpg,/objects/thumbs/col004_anderson_d8_pg1_th.jpg
/objects/col004_anderson_d8_pg2.pdf,/objects/small/col004_anderson_d8_pg2_sm.jpg,/objects/thumbs/col004_anderson_d8_pg2_th.jpg
/objects/col004_anderson_d8_pg3.pdf,/objects/small/col004_anderson_d8_pg3_sm.jpg,/objects/thumbs/col004_anderson_d8_pg3_th.jpg
/objects/col004_anderson_d9_pg1.pdf,/objects/small/col004_anderson_d9_pg1_sm.jpg,/objects/thumbs/col004_anderson_d9_pg1_th.jpg
/objects/col004_anderson_d9_pg2.pdf,/objects/small/col004_anderson_d9_pg2_sm.jpg,/objects/thumbs/col004_anderson_d9_pg2_th.jpg
/objects/col004_anderson_d9_pg3.pdf,/objects/small/col004_anderson_d9_pg3_sm.jpg,/objects/thumbs/col004_anderson_d9_pg3_th.jpg
/objects/col004_anderson_ph1.jpg,/objects/small/col004_anderson_ph1_sm.jpg,/objects/thumbs/col004_anderson_ph1_th.jpg
/objects/col004_anderson_ph2.jpg,/objects/small/col004_anderson_ph2_sm.jpg,/objects/thumbs/col004_anderson_ph2_th.jpg
/objects/col004_anderson_ph3.jpg,/objects/small/col004_anderson_ph3_sm.jpg,/objects/thumbs/col004_anderson_ph3_th.jpg
/objects/col004_anderson_ph4.jpg,/objects/small/col004_anderson_ph4_sm.jpg,/objects/thumbs/col004_anderson_ph4_th.jpg
/objects/col004_anderson_ph5.jpg,/objects/small/col004_anderson_ph5_sm.jpg,/objects/thumbs/col004_anderson_ph5_th.jpg
/objects/col004_atwater_d1.pdf,/objects/small/col004_atwater_d1_sm.jpg,/objects/thumbs/col004_atwater_d1_th.jpg
/objects/col004_atwater_d2.pdf,/objects/small/col004_atwater_d2_sm.jpg,/objects/thumbs/col004_atwater_d2_th.jpg
/objects/col004_atwater_d3.pdf,/objects/small/col004_atwater_d3_sm.jpg,/objects/thumbs/col004_atwater_d3_th.jpg
/objects/col004_badley_d1.pdf,/objects/small/col004_badley_d1_sm.jpg,/objects/thumbs/col004_badley_d1_th.jpg
/objects/col004_badley_d2.pdf,/objects/small/col004_badley_d2_sm.jpg,/objects/thumbs/col004_badley_d2_th.jpg
/objects/col004_badley_d3.pdf,/objects/small/col004_badley_d3_sm.jpg,/objects/thumbs/col004_badley_d3_th.jpg
/objects/col004_baird_d1.pdf,/objects/small/col004_baird_d1_sm.jpg,/objects/thumbs/col004_baird_d1_th.jpg
/objects/col004_baird_d2.pdf,/objects/small/col004_baird_d2_sm.jpg,/objects/thumbs/col004_baird_d2_th.jpg
/objects/col004_baird_d3.pdf,/objects/small/col004_baird_d3_sm.jpg,/objects/thumbs/col004_baird_d3_th.jpg
/objects/col004_baird_d4.pdf,/objects/small/col004_baird_d4_sm.jpg,/objects/thumbs/col004_baird_d4_th.jpg
/objects/col004_baird_d5.pdf,/objects/small/col004_baird_d5_sm.jpg,/objects/thumbs/col004_baird_d5_th.jpg
/objects/col004_baird_d6.pdf,/objects/small/col004_baird_d6_sm.jpg,/objects/thumbs/col004_baird_d6_th.jpg
/objects/col004_baird_ph1.jpg,/objects/small/col004_baird_ph1_sm.jpg,/objects/thumbs/col004_baird_ph1_th.jpg
/objects/col004_baird_ph2.jpg,/objects/small/col004_baird_ph2_sm.jpg,/objects/thumbs/col004_baird_ph2_th.jpg
/objects/col004_baldwin_d1.pdf,/objects/small/col004_baldwin_d1_sm.jpg,/objects/thumbs/col004_baldwin_d1_th.jpg
/objects/col004_ball_d1_duplicate.pdf,/objects/small/col004_ball_d1_duplicate_sm.jpg,/objects/thumbs/col004_ball_d1_duplicate_th.jpg
/objects/col004_ball_d2.pdf,/objects/small/col004_ball_d2_sm.jpg,/objects/thumbs/col004_ball_d2_th.jpg
/objects/col004_ball_d3.pdf,/objects/small/col004_ball_d3_sm.jpg,/objects/thumbs/col004_ball_d3_th.jpg
/objects/col004_ball_d4_duplicate.pdf,/objects/small/col004_ball_d4_duplicate_sm.jpg,/objects/thumbs/col004_ball_d4_duplicate_th.jpg
/objects/col004_ball_d5.pdf,/objects/small/col004_ball_d5_sm.jpg,/objects/thumbs/col004_ball_d5_th.jpg
/objects/col004_ball_d6_duplicate.pdf,/objects/small/col004_ball_d6_duplicate_sm.jpg,/objects/thumbs/col004_ball_d6_duplicate_th.jpg
/objects/col004_ball_d7_duplicate.pdf,/objects/small/col004_ball_d7_duplicate_sm.jpg,/objects/thumbs/col004_ball_d7_duplicate_th.jpg
/objects/col004_ball_d8.pdf,/objects/small/col004_ball_d8_sm.jpg,/objects/thumbs/col004_ball_d8_th.jpg
/objects/col004_ball_d8_desc.pdf,/objects/small/col004_ball_d8_desc_sm.jpg,/objects/thumbs/col004_ball_d8_desc_th.jpg
/objects/col004_barker_d1.pdf,/objects/small/col004_barker_d1_sm.jpg,/objects/thumbs/col004_barker_d1_th.jpg
/objects/col004_barker_d2_do_not_use_BARBER.pdf,/objects/small/col004_barker_d2_do_not_use_barber_sm.jpg,/objects/thumbs/col004_barker_d2_do_not_use_barber_th.jpg
/objects/col004_barker_d3.pdf,/objects/small/col004_barker_d3_sm.jpg,/objects/thumbs/col004_barker_d3_th.jpg
/objects/col004_barker_d4.pdf,/objects/small/col004_barker_d4_sm.jpg,/objects/thumbs/col004_barker_d4_th.jpg
/objects/col004_barker_d5_do_not_use_BARBER.pdf,/objects/small/col004_barker_d5_do_not_use_barber_sm.jpg,/objects/thumbs/col004_barker_d5_do_not_use_barber_th.jpg
/objects/col004_barker_d6.pdf,/objects/small/col004_barker_d6_sm.jpg,/objects/thumbs/col004_barker_d6_th.jpg
/objects/col004_barker_d7.pdf,/objects/small/col004_barker_d7_sm.jpg,/objects/thumbs/col004_barker_d7_th.jpg
/objects/col004_barker_d8.pdf,/objects/small/col004_barker_d8_sm.jpg,/objects/thumbs/col004_barker_d8_th.jpg
/objects/col004_benson_d1.pdf,/objects/small/col004_benson_d1_sm.jpg,/objects/thumbs/col004_benson_d1_th.jpg
/objects/col004_benson_d2.pdf,/objects/small/col004_benson_d2_sm.jpg,/objects/thumbs/col004_benson_d2_th.jpg
/objects/col004_biddle_d1.pdf,/objects/small/col004_biddle_d1_sm.jpg,/objects/thumbs/col004_biddle_d1_th.jpg
/objects/col004_biddle_d2.pdf,/objects/small/col004_biddle_d2_sm.jpg,/objects/thumbs/col004_biddle_d2_th.jpg
/objects/col004_biddle_d3.pdf,/objects/small/col004_biddle_d3_sm.jpg,/objects/thumbs/col004_biddle_d3_th.jpg
/objects/col004_biesecker_d1.pdf,/objects/small/col004_biesecker_d1_sm.jpg,/objects/thumbs/col004_biesecker_d1_th.jpg
/objects/col004_biesecker_d10.pdf,/objects/small/col004_biesecker_d10_sm.jpg,/objects/thumbs/col004_biesecker_d10_th.jpg
/objects/col004_biesecker_d11.pdf,/objects/small/col004_biesecker_d11_sm.jpg,/objects/thumbs/col004_biesecker_d11_th.jpg
/objects/col004_biesecker_d12.pdf,/objects/small/col004_biesecker_d12_sm.jpg,/objects/thumbs/col004_biesecker_d12_th.jpg
/objects/col004_biesecker_d13.pdf,/objects/small/col004_biesecker_d13_sm.jpg,/objects/thumbs/col004_biesecker_d13_th.jpg
/objects/col004_biesecker_d14.pdf,/objects/small/col004_biesecker_d14_sm.jpg,/objects/thumbs/col004_biesecker_d14_th.jpg
/objects/col004_biesecker_d15.pdf,/objects/small/col004_biesecker_d15_sm.jpg,/objects/thumbs/col004_biesecker_d15_th.jpg
/objects/col004_biesecker_d16.pdf,/objects/small/col004_biesecker_d16_sm.jpg,/objects/thumbs/col004_biesecker_d16_th.jpg
/objects/col004_biesecker_d17.pdf,/objects/small/col004_biesecker_d17_sm.jpg,/objects/thumbs/col004_biesecker_d17_th.jpg
/objects/col004_biesecker_d2.pdf,/objects/small/col004_biesecker_d2_sm.jpg,/objects/thumbs/col004_biesecker_d2_th.jpg
/objects/col004_biesecker_d3.pdf,/objects/small/col004_biesecker_d3_sm.jpg,/objects/thumbs/col004_biesecker_d3_th.jpg
/objects/col004_biesecker_d4.pdf,/objects/small/col004_biesecker_d4_sm.jpg,/objects/thumbs/col004_biesecker_d4_th.jpg
/objects/col004_biesecker_d5.pdf,/objects/small/col004_biesecker_d5_sm.jpg,/objects/thumbs/col004_biesecker_d5_th.jpg
/objects/col004_biesecker_d6.pdf,/objects/small/col004_biesecker_d6_sm.jpg,/objects/thumbs/col004_biesecker_d6_th.jpg
/objects/col004_biesecker_d7.pdf,/objects/small/col004_biesecker_d7_sm.jpg,/objects/thumbs/col004_biesecker_d7_th.jpg
/objects/col004_biesecker_d8.pdf,/objects/small/col004_biesecker_d8_sm.jpg,/objects/thumbs/col004_biesecker_d8_th.jpg
/objects/col004_biesecker_d9.pdf,/objects/small/col004_biesecker_d9_sm.jpg,/objects/thumbs/col004_biesecker_d9_th.jpg
/objects/col004_bodine_d1.pdf,/objects/small/col004_bodine_d1_sm.jpg,/objects/thumbs/col004_bodine_d1_th.jpg
/objects/col004_bodine_d2.pdf,/objects/small/col004_bodine_d2_sm.jpg,/objects/thumbs/col004_bodine_d2_th.jpg
/objects/col004_boice_d1.pdf,/objects/small/col004_boice_d1_sm.jpg,/objects/thumbs/col004_boice_d1_th.jpg
/objects/col004_boice_d2.pdf,/objects/small/col004_boice_d2_sm.jpg,/objects/thumbs/col004_boice_d2_th.jpg
/objects/col004_boice_d3.pdf,/objects/small/col004_boice_d3_sm.jpg,/objects/thumbs/col004_boice_d3_th.jpg
/objects/col004_bown_d1.pdf,/objects/small/col004_bown_d1_sm.jpg,/objects/thumbs/col004_bown_d1_th.jpg
/objects/col004_bown_d2.pdf,/objects/small/col004_bown_d2_sm.jpg,/objects/thumbs/col004_bown_d2_th.jpg
/objects/col004_brewer_d1.pdf,/objects/small/col004_brewer_d1_sm.jpg,/objects/thumbs/col004_brewer_d1_th.jpg
/objects/col004_brown_d1.pdf,/objects/small/col004_brown_d1_sm.jpg,/objects/thumbs/col004_brown_d1_th.jpg
/objects/col004_burns_d1.pdf,/objects/small/col004_burns_d1_sm.jpg,/objects/thumbs/col004_burns_d1_th.jpg
/objects/col004_burns_d2.pdf,/objects/small/col004_burns_d2_sm.jpg,/objects/thumbs/col004_burns_d2_th.jpg
/objects/col004_burns_d3.pdf,/objects/small/col004_burns_d3_sm.jpg,/objects/thumbs/col004_burns_d3_th.jpg
/objects/col004_burns_d4.pdf,/objects/small/col004_burns_d4_sm.jpg,/objects/thumbs/col004_burns_d4_th.jpg
/objects/col004_burns_d5.pdf,/objects/small/col004_burns_d5_sm.jpg,/objects/thumbs/col004_burns_d5_th.jpg
/objects/col004_burns_d6.pdf,/objects/small/col004_burns_d6_sm.jpg,/objects/thumbs/col004_burns_d6_th.jpg
/objects/col004_burns_d7.pdf,/objects/small/col004_burns_d7_sm.jpg,/objects/thumbs/col004_burns_d7_th.jpg
/objects/col004_burns_d8.pdf,/objects/small/col004_burns_d8_sm.jpg,/objects/thumbs/col004_burns_d8_th.jpg
/objects/col004_burns_ph1.jpg,/objects/small/col004_burns_ph1_sm.jpg,/objects/thumbs/col004_burns_ph1_th.jpg
/objects/col004_burns_ph3.jpg,/objects/small/col004_burns_ph3_sm.jpg,/objects/thumbs/col004_burns_ph3_th.jpg
/objects/col004_burns_ph5.jpg,/objects/small/col004_burns_ph5_sm.jpg,/objects/thumbs/col004_burns_ph5_th.jpg
/objects/col004_burns_ph6.jpg,/objects/small/col004_burns_ph6_sm.jpg,/objects/thumbs/col004_burns_ph6_th.jpg
/objects/col004_burns_ph7.jpg,/objects/small/col004_burns_ph7_sm.jpg,/objects/thumbs/col004_burns_ph7_th.jpg
/objects/col004_burns_ph8.jpg,/objects/small/col004_burns_ph8_sm.jpg,/objects/thumbs/col004_burns_ph8_th.jpg
/objects/col004_cox_ph1.jpg,/objects/small/col004_cox_ph1_sm.jpg,/objects/thumbs/col004_cox_ph1_th.jpg
/objects/col004_cox_ph10.jpg,/objects/small/col004_cox_ph10_sm.jpg,/objects/thumbs/col004_cox_ph10_th.jpg
/objects/col004_cox_ph11.jpg,/objects/small/col004_cox_ph11_sm.jpg,/objects/thumbs/col004_cox_ph11_th.jpg
/objects/col004_cox_ph12.jpg,/objects/small/col004_cox_ph12_sm.jpg,/objects/thumbs/col004_cox_ph12_th.jpg
/objects/col004_cox_ph13.jpg,/objects/small/col004_cox_ph13_sm.jpg,/objects/thumbs/col004_cox_ph13_th.jpg
/objects/col004_cox_ph15.jpg,/objects/small/col004_cox_ph15_sm.jpg,/objects/thumbs/col004_cox_ph15_th.jpg
/objects/col004_cox_ph16.jpg,/objects/small/col004_cox_ph16_sm.jpg,/objects/thumbs/col004_cox_ph16_th.jpg
/objects/col004_cox_ph17.jpg,/objects/small/col004_cox_ph17_sm.jpg,/objects/thumbs/col004_cox_ph17_th.jpg
/objects/col004_cox_ph2.jpg,/objects/small/col004_cox_ph2_sm.jpg,/objects/thumbs/col004_cox_ph2_th.jpg
/objects/col004_cox_ph3.jpg,/objects/small/col004_cox_ph3_sm.jpg,/objects/thumbs/col004_cox_ph3_th.jpg
/objects/col004_cox_ph4.jpg,/objects/small/col004_cox_ph4_sm.jpg,/objects/thumbs/col004_cox_ph4_th.jpg
/objects/col004_cox_ph5.jpg,/objects/small/col004_cox_ph5_sm.jpg,/objects/thumbs/col004_cox_ph5_th.jpg
/objects/col004_cox_ph6.jpg,/objects/small/col004_cox_ph6_sm.jpg,/objects/thumbs/col004_cox_ph6_th.jpg
/objects/col004_cox_ph7.jpg,/objects/small/col004_cox_ph7_sm.jpg,/objects/thumbs/col004_cox_ph7_th.jpg
/objects/col004_cox_ph8.jpg,/objects/small/col004_cox_ph8_sm.jpg,/objects/thumbs/col004_cox_ph8_th.jpg
/objects/col004_cox_ph9.jpg,/objects/small/col004_cox_ph9_sm.jpg,/objects/thumbs/col004_cox_ph9_th.jpg
/objects/col004_daly_ph1.jpg,/objects/small/col004_daly_ph1_sm.jpg,/objects/thumbs/col004_daly_ph1_th.jpg
/objects/col004_daly_ph2.jpg,/objects/small/col004_daly_ph2_sm.jpg,/objects/thumbs/col004_daly_ph2_th.jpg
/objects/col004_davidson_ph1.jpg,/objects/small/col004_davidson_ph1_sm.jpg,/objects/thumbs/col004_davidson_ph1_th.jpg
/objects/col004_davidson_ph10.jpg,/objects/small/col004_davidson_ph10_sm.jpg,/objects/thumbs/col004_davidson_ph10_th.jpg
/objects/col004_davidson_ph11.jpg,/objects/small/col004_davidson_ph11_sm.jpg,/objects/thumbs/col004_davidson_ph11_th.jpg
/objects/col004_davidson_ph2.jpg,/objects/small/col004_davidson_ph2_sm.jpg,/objects/thumbs/col004_davidson_ph2_th.jpg
/objects/col004_davidson_ph4.jpg,/objects/small/col004_davidson_ph4_sm.jpg,/objects/thumbs/col004_davidson_ph4_th.jpg
/objects/col004_davidson_ph5.jpg,/objects/small/col004_davidson_ph5_sm.jpg,/objects/thumbs/col004_davidson_ph5_th.jpg
/objects/col004_davidson_ph6.jpg,/objects/small/col004_davidson_ph6_sm.jpg,/objects/thumbs/col004_davidson_ph6_th.jpg
/objects/col004_davidson_ph7.jpg,/objects/small/col004_davidson_ph7_sm.jpg,/objects/thumbs/col004_davidson_ph7_th.jpg
/objects/col004_davidson_ph8.jpg,/objects/small/col004_davidson_ph8_sm.jpg,/objects/thumbs/col004_davidson_ph8_th.jpg
/objects/col004_davidson_ph9.jpg,/objects/small/col004_davidson_ph9_sm.jpg,/objects/thumbs/col004_davidson_ph9_th.jpg
/objects/col004_ellis_ph1.jpg,/objects/small/col004_ellis_ph1_sm.jpg,/objects/thumbs/col004_ellis_ph1_th.jpg
/objects/col004_hill_ph1.jpg,/objects/small/col004_hill_ph1_sm.jpg,/objects/thumbs/col004_hill_ph1_th.jpg
/objects/col004_hudson_ph1.jpg,/objects/small/col004_hudson_ph1_sm.jpg,/objects/thumbs/col004_hudson_ph1_th.jpg
/objects/col004_hudson_ph2.jpg,/objects/small/col004_hudson_ph2_sm.jpg,/objects/thumbs/col004_hudson_ph2_th.jpg
/objects/col004_hudson_ph3.jpg,/objects/small/col004_hudson_ph3_sm.jpg,/objects/thumbs/col004_hudson_ph3_th.jpg
/objects/col004_hudson_ph4.jpg,/objects/small/col004_hudson_ph4_sm.jpg,/objects/thumbs/col004_hudson_ph4_th.jpg
/objects/col004_hudson_ph5.jpg,/objects/small/col004_hudson_ph5_sm.jpg,/objects/thumbs/col004_hudson_ph5_th.jpg
/objects/col004_kyle_ph1.jpg,/objects/small/col004_kyle_ph1_sm.jpg,/objects/thumbs/col004_kyle_ph1_th.jpg
/objects/col004_kyle_ph2.jpg,/objects/small/col004_kyle_ph2_sm.jpg,/objects/thumbs/col004_kyle_ph2_th.jpg
/objects/col004_kyle_ph4.jpg,/objects/small/col004_kyle_ph4_sm.jpg,/objects/thumbs/col004_kyle_ph4_th.jpg
/objects/col004_kyle_ph5.jpg,/objects/small/col004_kyle_ph5_sm.jpg,/objects/thumbs/col004_kyle_ph5_th.jpg
/objects/col004_kyle_ph6.jpg,/objects/small/col004_kyle_ph6_sm.jpg,/objects/thumbs/col004_kyle_ph6_th.jpg
/objects/col004_law_ph1.jpg,/objects/small/col004_law_ph1_sm.jpg,/objects/thumbs/col004_law_ph1_th.jpg
/objects/col004_lopez_p1.jpg,/objects/small/col004_lopez_p1_sm.jpg,/objects/thumbs/col004_lopez_p1_th.jpg
/objects/col004_louderbough_ph10.jpg,/objects/small/col004_louderbough_ph10_sm.jpg,/objects/thumbs/col004_louderbough_ph10_th.jpg
/objects/col004_louderbough_ph11.jpg,/objects/small/col004_louderbough_ph11_sm.jpg,/objects/thumbs/col004_louderbough_ph11_th.jpg
/objects/col004_louderbough_ph13.jpg,/objects/small/col004_louderbough_ph13_sm.jpg,/objects/thumbs/col004_louderbough_ph13_th.jpg
/objects/col004_louderbough_ph14.jpg,/objects/small/col004_louderbough_ph14_sm.jpg,/objects/thumbs/col004_louderbough_ph14_th.jpg
/objects/col004_louderbough_ph16.jpg,/objects/small/col004_louderbough_ph16_sm.jpg,/objects/thumbs/col004_louderbough_ph16_th.jpg
/objects/col004_louderbough_ph17.jpg,/objects/small/col004_louderbough_ph17_sm.jpg,/objects/thumbs/col004_louderbough_ph17_th.jpg
/objects/col004_louderbough_ph18.jpg,/objects/small/col004_louderbough_ph18_sm.jpg,/objects/thumbs/col004_louderbough_ph18_th.jpg
/objects/col004_louderbough_ph2.1.jpg,/objects/small/col004_louderbough_ph2.1_sm.jpg,/objects/thumbs/col004_louderbough_ph2.1_th.jpg
/objects/col004_louderbough_ph21.jpg,/objects/small/col004_louderbough_ph21_sm.jpg,/objects/thumbs/col004_louderbough_ph21_th.jpg
/objects/col004_louderbough_ph23.jpg,/objects/small/col004_louderbough_ph23_sm.jpg,/objects/thumbs/col004_louderbough_ph23_th.jpg
/objects/col004_louderbough_ph24.jpg,/objects/small/col004_louderbough_ph24_sm.jpg,/objects/thumbs/col004_louderbough_ph24_th.jpg
/objects/col004_louderbough_ph25.jpg,/objects/small/col004_louderbough_ph25_sm.jpg,/objects/thumbs/col004_louderbough_ph25_th.jpg
/objects/col004_louderbough_ph26.jpg,/objects/small/col004_louderbough_ph26_sm.jpg,/objects/thumbs/col004_louderbough_ph26_th.jpg
/objects/col004_louderbough_ph27.jpg,/objects/small/col004_louderbough_ph27_sm.jpg,/objects/thumbs/col004_louderbough_ph27_th.jpg
/objects/col004_louderbough_ph3.jpg,/objects/small/col004_louderbough_ph3_sm.jpg,/objects/thumbs/col004_louderbough_ph3_th.jpg
/objects/col004_louderbough_ph4.jpg,/objects/small/col004_louderbough_ph4_sm.jpg,/objects/thumbs/col004_louderbough_ph4_th.jpg
/objects/demo_001.jpg,/objects/small/demo_001_sm.jpg,/objects/thumbs/demo_001_th.jpg
/objects/demo_002.pdf,/objects/small/demo_002_sm.jpg,/objects/thumbs/demo_002_th.jpg
/objects/demo_003.mp3,,
/objects/demo_004.jpg,/objects/small/demo_004_sm.jpg,/objects/thumbs/demo_004_th.jpg
/objects/hells_half_theta.JPG,/objects/small/hells_half_theta_sm.jpg,/objects/thumbs/hells_half_theta_th.jpg
/objects/object_list.csv,,
/objects/pg_9_14_05a.jpg,/objects/small/pg_9_14_05a_sm.jpg,/objects/thumbs/pg_9_14_05a_th.jpg
/objects/pg_9_14_05a_b.jpg,/objects/small/pg_9_14_05a_b_sm.jpg,/objects/thumbs/pg_9_14_05a_b_th.jpg
